severity,area,lang,key,issue,value
REVIEW,gender,es,Така пошта вже зареєстрована.,possible gendered participle addressing user,Este correo ya está registrado.
REVIEW,gender,es,Кожен день із практикою позначено — так наочно видно твою серію й ритм занять.,possible gendered participle addressing user,"Cada día con práctica está marcado, así se ve con claridad tu racha y tu ritmo."
REVIEW,de-caps,de,Ще немає цілей. Додай першу нижче.,"lowercase word after ""dein"": ""erstes""",Noch keine Ziele. Füge unten dein erstes hinzu.
REVIEW,de-caps,de,"Resonance — це персональний компаньйон для тілесних і ментальних практик. Ідея проста: ти — свій персонаж, і прокачуєш не аватар, а себе.","lowercase word after ""ein"": ""persönlicher""","Resonance ist ein persönlicher Begleiter für körperliche und mentale Praktiken. Die Idee ist einfach: Du bist dein Charakter und entwickelst dich selbst, keinen Avatar."
REVIEW,de-caps,de,"Бажання вдихнути виникає тоді, коли в крові зростає рівень CO₂, а не коли закінчується кисень. Хеморецептори реагують саме на вуглекислий газ. Тому тренована «толерантність до CO₂» дає відчуття спокою й контролю навіть тоді, коли тіло сигналізує дихати.","lowercase word after ""eine"": ""trainierte""","Der Drang einzuatmen entsteht, wenn der CO₂-Spiegel im Blut steigt, nicht wenn der Sauerstoff ausgeht. Chemorezeptoren reagieren gerade auf Kohlendioxid. Deshalb gibt eine trainierte „CO₂-Toleranz“ Ruhe und Kontrolle, selbst wenn der Körper zum Atmen drängt."
REVIEW,de-caps,de,"У відомому дослідженні 2014 року учасники, навчені методу, змогли свідомо вплинути на запальну відповідь після введення ендотоксину. Це цікавий результат, але група була невеликою, тож узагальнювати рано.","lowercase word after ""einer"": ""bekannten""","In einer bekannten Studie von 2014 konnten in der Methode geschulte Teilnehmer ihre Entzündungsreaktion nach einer Endotoxin-Injektion bewusst beeinflussen. Ein interessantes Ergebnis, aber die Gruppe war klein, daher ist es früh zu verallgemeinern."
REVIEW,de-caps,de,Підходить для щоденного заспокоєння,"lowercase word after ""zur"": ""täglichen""",Gut zur täglichen Beruhigung
REVIEW,de-caps,de,"Видих активує гальмівну гілку нервової системи, і пульс трохи сповільнюється.","lowercase word after ""den"": ""beruhigenden""",Das Ausatmen aktiviert den beruhigenden Zweig des Nervensystems und der Puls sinkt leicht.
REVIEW,de-caps,de,"Під час видиху активність блукаючого нерва зростає, і серцевий ритм природно сповільнюється — це називають дихальною аритмією. Якщо видих довший за вдих, заспокійливий ефект сильніший.","lowercase word after ""das"": ""nennt""","Beim Ausatmen steigt die Aktivität des Vagusnervs und der Herzschlag verlangsamt sich natürlich — das nennt man respiratorische Arrhythmie. Ist das Ausatmen länger als das Einatmen, ist die beruhigende Wirkung stärker."
REVIEW,de-caps,de,Два вдихи підряд і довгий видих — найшвидший спосіб збити гострий стрес.,"lowercase word after ""ein"": ""langes""","Zwei Einatmungen hintereinander und ein langes Ausatmen — der schnellste Weg, akuten Stress zu senken."
REVIEW,de-caps,de,"«Фізіологічне зітхання» — це короткий другий довдих на піку вдиху, а потім повільний видих. Воно розправляє спалі альвеоли й ефективно виводить CO₂, швидко знижуючи збудження.","lowercase word after ""ein"": ""kurzes""","Der „physiologische Seufzer“ ist ein kurzes zweites Einatmen am Höhepunkt, gefolgt von langsamem Ausatmen. Er entfaltet kollabierte Lungenbläschen und leitet CO₂ effizient ab, was die Erregung schnell senkt."
REVIEW,de-caps,de,Це природний механізм — ми робимо так уві сні та після плачу. Свідомо 1–3 цикли часто достатньо.,"lowercase word after ""ein"": ""natürlicher""",Es ist ein natürlicher Mechanismus — wir tun das im Schlaf und nach dem Weinen. Bewusst genügen oft 1–3 Zyklen.
REVIEW,de-caps,de,"У людей ефект на загальний метаболізм помірний та індивідуальний. Холод корисний багатьма способами, але це не інструмент для швидкого схуднення.","lowercase word after ""zum"": ""schnellen""","Beim Menschen ist die Wirkung auf den Gesamtstoffwechsel mäßig und individuell. Kälte hilft auf viele Arten, ist aber kein Mittel zum schnellen Abnehmen."
REVIEW,de-caps,de,Чому після холодного душу гарний настрій,"lowercase word after ""einer"": ""kalten""",Warum die Stimmung nach einer kalten Dusche gut ist
REVIEW,de-caps,de,"Доказова база радше про субʼєктивне самопочуття, ніж про конкретні «детокс»-ефекти. Завершуй холодом, якщо хочеш бадьорості, теплом — якщо розслаблення.","lowercase word after ""das"": ""subjektive""","Die Belege betreffen eher das subjektive Wohlbefinden als konkrete „Detox“-Effekte. Beende mit Kälte für Frische, mit Wärme für Entspannung."
REVIEW,de-caps,de,Світло вранці — головний регулятор сну,"lowercase word after ""der"": ""wichtigste""",Morgenlicht ist der wichtigste Schlafregler
REVIEW,de-caps,de,Яскраве світло у перші години після пробудження налаштовує внутрішній годинник.,"lowercase word after ""den"": ""ersten""",Helles Licht in den ersten Stunden nach dem Aufwachen stellt die innere Uhr.
REVIEW,de-caps,de,"Ранкове світло, особливо денне надворі, задає циркадний ритм: піднімає денну бадьорість і зміщує вечірню сонливість у потрібний бік. Це одна з найсильніших і найдешевших звичок для сну.","lowercase word after ""den"": ""zirkadianen""","Morgenlicht, besonders Tageslicht im Freien, gibt den zirkadianen Rhythmus vor: Es hebt die Wachheit am Tag und verschiebt die abendliche Müdigkeit in die richtige Richtung. Es ist eine der stärksten und günstigsten Schlafgewohnheiten."
REVIEW,de-caps,de,Лови денне світло у перші години,"lowercase word after ""den"": ""ersten""",Fang Tageslicht in den ersten Stunden
REVIEW,de-caps,de,Стабільний час — недооцінена звичка,"lowercase word after ""eine"": ""unterschätzte""",Feste Zeiten — eine unterschätzte Gewohnheit
REVIEW,de-caps,de,Однаковий час підйому щодня стабілізує циркадний ритм сильніше за ґаджети.,"lowercase word after ""den"": ""zirkadianen""",Dieselbe Aufstehzeit täglich stabilisiert den zirkadianen Rhythmus stärker als Gadgets.
REVIEW,de-caps,de,"Регулярний час пробудження — навіть на вихідних — тримає внутрішній годинник у фазі. Це впливає на сон сильніше, ніж більшість «розумних» девайсів.","lowercase word after ""die"": ""innere""",Eine regelmäßige Aufwachzeit — auch am Wochenende — hält die innere Uhr in Phase. Das beeinflusst den Schlaf stärker als die meisten „smarten“ Geräte.
REVIEW,de-caps,de,"Сталість важливіша за ідеальну тривалість окремої ночі: одна недоспана ніч менш шкідлива, ніж постійний хаос у графіку.","lowercase word after ""die"": ""perfekte""",Beständigkeit zählt mehr als die perfekte Länge einer einzelnen Nacht: Eine kurze Nacht schadet weniger als ständiges Zeitplan-Chaos.
REVIEW,de-caps,de,Прокидайся в один час щодня,"lowercase word after ""zur"": ""selben""",Wach jeden Tag zur selben Zeit auf
REVIEW,de-caps,de,"Спрямована увага — обмежений ресурс. Перебування на природі або хоча б погляд удалечінь дає мозку «мʼяке» відновлення, після якого легше фокусуватися.","lowercase word after ""eine"": ""begrenzte""","Gerichtete Aufmerksamkeit ist eine begrenzte Ressource. Zeit in der Natur oder auch nur der Blick in die Ferne gibt dem Gehirn eine „sanfte“ Erholung, nach der es leichter fällt, sich zu fokussieren."
REVIEW,de-caps,de,Сповіщення — головний крадій уваги,"lowercase word after ""der"": ""größte""",Benachrichtigungen sind der größte Aufmerksamkeitsdieb
REVIEW,de-caps,de,"Блукаючий нерв (вагус) — головний канал парасимпатичної системи. Його активність повʼязана зі спокоєм, травленням і відновленням.","lowercase word after ""des"": ""parasympathischen""","Der Vagusnerv ist der Hauptkanal des parasympathischen Systems. Seine Aktivität hängt mit Ruhe, Verdauung und Erholung zusammen."
REVIEW,de-caps,de,"Прості важелі впливу: повільне дихання з довгим видихом, холод на обличчя, спокійний голос і навіть наспівування — все це підвищує вагусний тонус.","lowercase word after ""das"": ""erhöht""","Einfache Hebel: langsames Atmen mit langem Ausatmen, Kälte im Gesicht, ruhige Stimme und sogar Summen — all das erhöht den Vagustonus."
REVIEW,de-caps,de,Порівнюй із власним базовим рівнем,"lowercase word after ""deinem"": ""eigenen""",Vergleiche mit deinem eigenen Ausgangswert
REVIEW,de-caps,de,Ефект накопичувальний: навіть 10–15 хвилин на день складаються в помітний результат за місяці.,"lowercase word after ""ein"": ""spürbares""",Der Effekt summiert sich: Schon 10–15 Minuten täglich ergeben über Monate ein spürbares Ergebnis.
REVIEW,de-caps,de,Бінаурали мають лише попередню базу; «Solfeggio» і 432 Гц — традиція без доказів.,"lowercase word after ""eine"": ""vorläufige""",Binaurals haben nur eine vorläufige Basis; „Solfeggio“ und 432 Hz sind Tradition ohne Belege.
REVIEW,de-caps,de,"«Solfeggio»-частоти та 432 Гц — це сучасний міф без наукового підґрунтя. Цінність прослуховування — у самому ритуалі спокою й уважності, а не в магії конкретних чисел.","lowercase word after ""ein"": ""moderner""","„Solfeggio“-Frequenzen und 432 Hz sind ein moderner Mythos ohne wissenschaftliche Grundlage. Der Wert des Hörens liegt im Ritual von Ruhe und Achtsamkeit, nicht in der Magie bestimmter Zahlen."
REVIEW,de-caps,de,Користь — у спокійному усвідомленому слуханні,"lowercase word after ""im"": ""ruhigen""","Der Nutzen liegt im ruhigen, bewussten Hören"
REVIEW,de-caps,de,"Заверши звичайний душ прохолодною, далі холодною водою. Дихай повільно й рівно, не затримуй дих від шоку. Дає бадьорість і дофамін надовго, гартує судини й імунітет.","lowercase word after ""die"": ""normale""","Beende die normale Dusche mit kühlem, dann kaltem Wasser. Atme langsam und gleichmäßig, halte vor Schreck nicht die Luft an. Gibt anhaltende Frische und Dopamin, stärkt Gefäße und Immunität."
REVIEW,de-caps,de,"Занурення у крижану воду — потужне відновлення після навантажень і тренування стійкості. Контролюй дихання, виходь, якщо німіють кінцівки або сильно трусить.","lowercase word after ""eine"": ""kraftvolle""","Eintauchen in eiskaltes Wasser ist eine kraftvolle Erholung nach Belastung und ein Resilienztraining. Kontrolliere die Atmung, steig aus, wenn Gliedmaßen taub werden oder du stark zitterst."
REVIEW,de-caps,de,Підвищує ментальну стійкість,"lowercase word after ""die"": ""mentale""",Steigert die mentale Widerstandskraft
REVIEW,de-caps,de,"Обери частоту — на сторінці буде опис, користь і кілька треків у YouTube Music на вибір.","lowercase word after ""ein"": ""paar""","Wähle eine Frequenz — die Seite hat Beschreibung, Nutzen und ein paar YouTube-Music-Titel zur Auswahl."
REVIEW,de-caps,de,"Вдих на 4, затримка на 7, повільний видих на 8. Довгий видих активує парасимпатичну нервову систему — тіло переходить у режим спокою. Найкраще працює перед сном.","lowercase word after ""das"": ""parasympathische""","4 einatmen, 7 halten, langsam 8 ausatmen. Das lange Ausatmen aktiviert das parasympathische Nervensystem — der Körper geht in den Ruhemodus. Wirkt am besten vor dem Schlaf."
REVIEW,de-caps,de,"Квадратне дихання 4-4-4-4 (вдих-затримка-видих-затримка). Швидко заспокоює й повертає контроль. Ідеально перед співбесідою, складною розмовою чи коли нервуєш.","lowercase word after ""einer"": ""schwierigen""","Box-Atmung 4-4-4-4 (ein-halten-aus-halten). Beruhigt schnell und gibt die Kontrolle zurück. Ideal vor einem Gespräch, einer schwierigen Unterhaltung oder wenn du nervös bist."
REVIEW,de-caps,de,"Бінаурал-ритми: у вуха йдуть трохи різні частоти, мозок чує «биття» їхньої різниці. Це єдина категорія тут із попередньою науковою базою. Слухай лише в навушниках.","lowercase word after ""die"": ""einzige""","Binaurale Beats: In die Ohren gehen leicht unterschiedliche Frequenzen, das Gehirn hört den „Schlag“ ihrer Differenz. Das ist hier die einzige Kategorie mit vorläufiger wissenschaftlicher Basis. Höre nur mit Kopfhörern."
REVIEW,de-caps,de,"У моменті стресу — квадратне дихання 4-4-4-4 кілька циклів, найшвидше повертає контроль. Для щоденної стійкості — когерентне дихання.","lowercase word after ""das"": ""gibt""","Im Stressmoment — Box-Atmung 4-4-4-4 einige Zyklen, das gibt am schnellsten die Kontrolle zurück. Für tägliche Widerstandskraft — kohärente Atmung."
REVIEW,de-caps,de,Поки що немає записів. Зроби першу практику — і я почну відстежувати твій прогрес!,"lowercase word after ""deine"": ""erste""","Noch keine Einträge. Mach deine erste Praktik — und ich beginne, deinen Fortschritt zu verfolgen!"
REVIEW,de-caps,de,Поки що немає збережених розмов. Почни нову — вона збережеться автоматично.,"lowercase word after ""eine"": ""neue""",Noch keine gespeicherten Unterhaltungen. Beginne eine neue — sie speichert sich automatisch.
REVIEW,de-caps,de,Є попередня база. Ефект мʼякший за тета/дельта.,"lowercase word after ""eine"": ""vorläufige""",Es gibt eine vorläufige Basis. Die Wirkung ist milder als Theta/Delta.
REVIEW,de-caps,de,"40 Гц повʼязують із памʼяттю, концентрацією та ясністю мислення — це найкраще досліджений діапазон серед бінаурал-ритмів. Слухають для глибокої розумової роботи.","lowercase word after ""den"": ""binauralen""","40 Hz wird mit Gedächtnis, Konzentration und Denkklarheit verbunden — der am besten untersuchte Bereich unter den binauralen Beats. Man hört ihn für tiefe geistige Arbeit."
REVIEW,de-caps,de,Має відносно найкращу наукову підтримку серед усіх тут.,"lowercase word after ""die"": ""beste""",Hat vergleichsweise die beste wissenschaftliche Unterstützung von allem hier.
REVIEW,de-caps,de,"Прихильники називають його «заземлювальним» — таким, що допомагає розслабитися й синхронізуватися з природним ритмом планети. Корисний для спокою та м'якої медитації.","lowercase word after ""dem"": ""natürlichen""",Befürworter nennen ihn „erdend“ — er helfe zu entspannen und sich mit dem natürlichen Rhythmus des Planeten zu synchronisieren. Nützlich für Ruhe und sanfte Meditation.
REVIEW,de-caps,de,Сам по собі нечутний; відтворюється як бінаурал-ритм. Доказів специфічного впливу немає.,"lowercase word after ""eine"": ""spezifische""",An sich nicht hörbar; wird als binauraler Beat wiedergegeben. Kein Beleg für eine spezifische Wirkung.
REVIEW,de-caps,de,Наукових доказів специфічного впливу немає. Але спокійна музика й усвідомлене слухання самі по собі розслабляють.,"lowercase word after ""eine"": ""spezifische""",Kein wissenschaftlicher Beleg für eine spezifische Wirkung. Aber ruhige Musik und bewusstes Hören entspannen an sich.
REVIEW,de-caps,de,"Асоціюється з поверненням до внутрішнього чуття, спокоєм і духовним порядком. Слухають для зосередження всередину.","lowercase word after ""zum"": ""inneren""","Assoziiert mit der Rückkehr zum inneren Gespür, Ruhe und spiritueller Ordnung. Man hört ihn, um sich nach innen zu konzentrieren."
REVIEW,de-caps,de,Альтернативний музичний строй (замість стандартних 440 Гц).,"lowercase word after ""der"": ""üblichen""",Eine alternative Musikstimmung (statt der üblichen 440 Hz).
REVIEW,de-caps,de,"Передпліччя й носки на підлозі, тіло — пряма лінія від голови до пʼят. Не провисай у попереку, дихай рівно. Тримай, скільки можеш із гарною технікою.","lowercase word after ""eine"": ""gerade""","Unterarme und Fußspitzen am Boden, Körper eine gerade Linie von Kopf bis Ferse. Nicht im unteren Rücken durchhängen, gleichmäßig atmen. Halte, so lange du mit guter Technik kannst."
REVIEW,de-caps,de,"Опора на одне передпліччя, тіло боком у пряму лінію. Таз не провисає. Зроби обидві сторони.","lowercase word after ""einer"": ""geraden""","Stütze dich auf einen Unterarm, der Körper seitlich in einer geraden Linie. Das Becken sackt nicht ab. Mach beide Seiten."
REVIEW,de-caps,de,М’яко прогнись назад або вийди в місток лише в межах комфорту. Без болю в попереку. Тримай і рівно дихай.,"lowercase word after ""im"": ""unteren""","Beuge dich sanft nach hinten oder gehe in die Brücke, nur im Rahmen des Komforts. Ohne Schmerzen im unteren Rücken. Halte und atme gleichmäßig."
REVIEW,de-caps,de,У полицю прочитаних,"lowercase word after ""der"": ""gelesenen""",Ins Regal der gelesenen Bücher
REVIEW,de-caps,de,Закрити цю ціль? Вона перейде в закриті.,"lowercase word after ""den"": ""abgeschlossenen""",Dieses Ziel abschließen? Es wird zu den abgeschlossenen Zielen verschoben.
REVIEW,de-caps,de,"Ти — свій персонаж. Кожна реальна практика стає досвідом (XP) гілок розвитку, рівнями й рангами; окрема «Воля» винагороджує сталість. Прокачуєш не аватар, а себе.","lowercase word after ""ein"": ""eigener""","Du bist deine Figur. Jede echte Praxis wird zu Erfahrung (XP) für deine Entwicklungszweige, Level und Ränge; ein eigener „Wille“ belohnt Beständigkeit. Du levelst nicht einen Avatar, sondern dich selbst."
REVIEW,de-caps,de,"Без магії й обіцянок — проста система, що тримає тебе в русі щодня й показує, як ти крок за кроком стаєш стійкішим до того, що тебе оточує.","lowercase word after ""ein"": ""einfaches""","Ohne Magie und ohne Versprechen — ein einfaches System, das dich jeden Tag in Bewegung hält und dir zeigt, wie du Schritt für Schritt widerstandsfähiger gegenüber dem wirst, was dich umgibt."
REVIEW,de-caps,de,Кожна практика розподіляє зароблені очки між навичками за фіксованим вектором — тому одна дія може качати кілька навичок водночас.,"lowercase word after ""die"": ""verdienten""",Jede Praxis verteilt die verdienten Punkte nach einem festen Vektor auf die Fähigkeiten — deshalb kann eine Handlung mehrere Fähigkeiten zugleich trainieren.
REVIEW,de-caps,de,Звання відкриваються за рівнями — кожні 3 рівні новий ранг.,"lowercase word after ""ein"": ""neuer""",Titel schalten sich nach Level frei — alle 3 Level ein neuer Rang.
REVIEW,de-caps,de,Створи свою спільноту або прийми запрошення від друга — дзвіночок угорі.,"lowercase word after ""deine"": ""eigene""",Erstelle deine eigene Gemeinschaft oder nimm die Einladung eines Freundes an — die Glocke oben.
REVIEW,de-caps,de,Створи перший спільний виклик для команди.,"lowercase word after ""die"": ""erste""",Erstelle die erste gemeinsame Challenge für das Team.
REVIEW,de-caps,de,Постав оцінку сьогоднішнього дня,"lowercase word after ""den"": ""heutigen""",Bewerte den heutigen Tag
REVIEW,de-caps,de,Поки ти єдиний учасник.,"lowercase word after ""der"": ""einzige""",Bisher bist du der einzige Teilnehmer.
REVIEW,de-caps,de,Ще немає звичок. Додай першу нижче.,"lowercase word after ""die"": ""erste""",Noch keine Gewohnheiten. Füge unten die erste hinzu.
REVIEW,de-caps,de,"Тут можна все роздивитися. А щоб проходити практики, ставити цілі й зберігати свій прогрес — створи безкоштовний акаунт. Це швидко.","lowercase word after ""ein"": ""kostenloses""","Hier kannst du dir alles ansehen. Und um Praktiken zu machen, Ziele zu setzen und deinen Fortschritt zu speichern — erstelle ein kostenloses Konto. Das geht schnell."
REVIEW,de-caps,de,"Це демо-наставник Resonance. Судячи з твоїх даних, серія тримається впевнено — сьогодні варто закріпити результат короткою дихальною практикою для фокусу.","lowercase word after ""einer"": ""kurzen""","Das ist der Demo-Mentor von Resonance. Deinen Daten nach hält deine Serie stabil — heute lohnt es sich, das Ergebnis mit einer kurzen Atemübung für den Fokus zu festigen."
REVIEW,de-caps,de,Введи новий пароль для свого акаунта.,"lowercase word after ""ein"": ""neues""",Gib ein neues Passwort für dein Konto ein.
REVIEW,de-caps,de,Ще немає цілей. Створи першу — і бачитимеш прогрес тут і на головній.,"lowercase word after ""das"": ""erste""",Noch keine Ziele. Erstelle das erste — und du siehst den Fortschritt hier und auf dem Startbildschirm.
REVIEW,de-caps,de,"Рівень не падає. Він тримається на твоїй найкращій серії: якщо пропустиш день, поточна серія почнеться заново, але рівень залишиться на місці.","lowercase word after ""deiner"": ""besten""","Das Level sinkt nicht. Es beruht auf deiner besten Serie: Wenn du einen Tag auslässt, beginnt die aktuelle Serie von vorn, aber das Level bleibt bestehen."
REVIEW,de-caps,de,Кожні 3 рівні відкривається нове звання — твій титул за витримку:,"lowercase word after ""ein"": ""neuer""",Alle 3 Level schaltet sich ein neuer Rang frei — dein Titel für Ausdauer:
REVIEW,de-caps,de,Окремо від рівня ти заробляєш очки навичок: 1 хвилина практики = 1 очко. Кожна практика розподіляє очки між навичками за фіксованим вектором — одна дія може качати кілька навичок водночас.,"lowercase word after ""einem"": ""festen""",Unabhängig vom Level verdienst du Fähigkeitspunkte: 1 Minute Praxis = 1 Punkt. Jede Praxis verteilt die Punkte nach einem festen Vektor auf die Fähigkeiten — eine Handlung kann mehrere Fähigkeiten zugleich trainieren.
REVIEW,de-caps,de,Швидко повернутися в теперішній момент через органи чуття.,"lowercase word after ""den"": ""gegenwärtigen""",Über die Sinne schnell in den gegenwärtigen Moment zurückkehren.
REVIEW,de-caps,de,"Не поспішай. На кожному кроці справді знайди названу кількість речей, перш ніж іти далі.","lowercase word after ""die"": ""genannte""","Beeil dich nicht. Finde bei jedem Schritt wirklich die genannte Anzahl an Dingen, bevor du weitergehst."
REVIEW,de-caps,de,Заплющ очі та зморщ усе обличчя.,"lowercase word after ""das"": ""ganze""",Schließe die Augen und verziehe das ganze Gesicht.
REVIEW,de-caps,de,Повторюй подумки короткі формули про важкість і тепло в тілі — це вмикає розслаблення нервової системи.,"lowercase word after ""das"": ""schaltet""",Wiederhole innerlich kurze Formeln über Schwere und Wärme im Körper — das schaltet die Entspannung des Nervensystems ein.
REVIEW,de-caps,de,"Тут — твій рівень, звання й клас. Рівень росте від найдовшої серії практик поспіль. Коло скілів показує, наскільки розвинена кожна навичка. Тисни на елементи, щоб дізнатись більше.","lowercase word after ""deiner"": ""längsten""","Hier sind dein Level, dein Rang und deine Klasse. Das Level wächst aus deiner längsten Serie von Praktiken am Stück. Das Fähigkeitsrad zeigt, wie entwickelt jede Fähigkeit ist. Tippe auf die Elemente, um mehr zu erfahren."
REVIEW,de-caps,de,"Особисті цілі, прогрес яких рахується автоматично — з твоїх практик, звичок і книг. На головній показуються активні цілі.","lowercase word after ""die"": ""aktiven""","Persönliche Ziele, deren Fortschritt automatisch gezählt wird — aus deinen Praktiken, Gewohnheiten und Büchern. Der Startbildschirm zeigt die aktiven Ziele."
REVIEW,de-caps,de,"Звідси відкриваються практики: дихання, холод, вправи, частоти, антистрес. У демо їх можна роздивитись, а проходити — вже зі своїм акаунтом.","lowercase word after ""deinem"": ""eigenen""","Von hier aus öffnen sich die Praktiken: Atmung, Kälte, Übungen, Frequenzen, Anti-Stress. In der Demo kannst du sie ansehen; um sie zu machen — mit deinem eigenen Konto."
REVIEW,de-caps,de,Коло навичок: кожна практика дає очки досвіду й піднімає відповідну гілку. Твій рівень залежить від найдовшої серії практики поспіль.,"lowercase word after ""den"": ""passenden""",Fähigkeitsrad: Jede Praxis gibt Erfahrungspunkte und hebt den passenden Zweig. Dein Level hängt von deiner längsten Serie von Praxis am Stück ab.
REVIEW,de-caps,de,"Динаміка твоїх практик і оцінок за обраний період. Перемикай метрику й діапазон, щоб побачити прогрес.","lowercase word after ""im"": ""gewählten""","Der Verlauf deiner Praktiken und Bewertungen im gewählten Zeitraum. Wechsle Metrik und Bereich, um deinen Fortschritt zu sehen."
REVIEW,de-caps,de,"Обери практику — таймер поведе тебе крок за кроком. У демо їх можна роздивитись, а проходити — вже зі своїм акаунтом.","lowercase word after ""deinem"": ""eigenen""",Wähle eine Praxis — der Timer führt dich Schritt für Schritt. In der Demo kannst du sie ansehen; um sie zu machen — mit deinem eigenen Konto.
REVIEW,de-caps,de,"Твій персонаж: імʼя, аватар, рівень, звання й клас, що змінюються разом із розвитком.","lowercase word after ""die"": ""sich""","Deine Figur: Name, Avatar, Level, Rang und Klasse, die sich mit deiner Entwicklung ändern."
REVIEW,de-caps,de,Разом легше тримати ритм: спільні челенджі й підтримка. Долучення — зі своїм акаунтом.,"lowercase word after ""deinem"": ""eigenen""","Zusammen fällt es leichter, den Rhythmus zu halten: gemeinsame Challenges und Unterstützung. Beitritt — mit deinem eigenen Konto."
REVIEW,de-caps,de,Пройди першу практику,"lowercase word after ""deine"": ""erste""",Mach deine erste Praxis
REVIEW,de-caps,de,Постав першу ціль,"lowercase word after ""dein"": ""erstes""",Setze dein erstes Ziel
REVIEW,de-caps,de,"Зроби першу практику — і твої навички почнуть рости, а рівень підійматися.","lowercase word after ""deine"": ""erste""",Mach deine erste Praxis — und deine Fähigkeiten beginnen zu wachsen und dein Level zu steigen.
REVIEW,de-caps,de,Оціни кілька днів — і тут з'явиться динаміка твого самопочуття.,"lowercase word after ""ein"": ""paar""",Bewerte ein paar Tage — und hier erscheint der Verlauf deines Befindens.
REVIEW,de-caps,de,Зроби кілька практик — і тут з'явиться твоя динаміка.,"lowercase word after ""ein"": ""paar""",Mach ein paar Praktiken — und hier erscheint dein Verlauf.
REVIEW,de-caps,de,Або конкретна вправа,"lowercase word after ""eine"": ""bestimmte""",Oder eine bestimmte Übung
REVIEW,de-caps,de,Зручний інструмент для денного перезавантаження або після короткого сну вночі. 10–20 хвилин зазвичай достатньо.,"lowercase word after ""einer"": ""kurzen""",Ein praktisches Werkzeug für einen Reset am Tag oder nach einer kurzen Nacht. 10–20 Minuten reichen meist.
REVIEW,de-caps,de,"Твій загальний рівень залежить від найдовшої серії практики — скільки днів поспіль виконувалась хоча б одна практика, без жодного пропуску. Що довша серія — то вищий рівень.","lowercase word after ""deiner"": ""längsten""","Dein Gesamtlevel hängt von deiner längsten Praxis-Serie ab — wie viele Tage am Stück du mindestens eine Praxis gemacht hast, ohne eine einzige Auslassung. Je länger die Serie, desto höher das Level."
REVIEW,de-caps,de,"На частоті близько 0,1 Гц (приблизно 5,5 вдиху-видиху за хвилину) ритми серця й дихання входять у резонанс, і HRV помітно зростає. Це маркер гнучкості автономної нервової системи.","lowercase word after ""des"": ""autonomen""","Bei einer Frequenz von etwa 0,1 Hz (ungefähr 5,5 Atemzüge pro Minute) geraten Herz- und Atemrhythmus in Resonanz, und die HRV steigt deutlich. Das ist ein Marker für die Flexibilität des autonomen Nervensystems."
REVIEW,de-caps,de,"Резонанс електромагнітного поля Землі. Напряму нечутний; тут відтворюється як бінаурал-ритм 7,83 Гц.","lowercase word after ""des"": ""elektromagnetischen""","Die Resonanz des elektromagnetischen Feldes der Erde. Direkt nicht hörbar; hier als binauraler Beat mit 7,83 Hz wiedergegeben."
REVIEW,de-caps,de,"Найповільніші мозкові хвилі (0,5–4 Гц), що домінують у глибокому сні без сновидінь.","lowercase word after ""im"": ""tiefen""","Die langsamsten Gehirnwellen (0,5–4 Hz), die im tiefen, traumlosen Schlaf dominieren."
REVIEW,de-caps,de,"Резонанс електромагнітного поля Землі (≈7,83 Гц), на межі альфа/тета.","lowercase word after ""des"": ""elektromagnetischen""","Die Resonanz des elektromagnetischen Feldes der Erde (≈7,83 Hz), an der Grenze zwischen Alpha und Theta."
